0.99122334,0.009421415,0.1706464,0.36990133,0.13575278,0.39066517,0.89241207,0.61106575,0.742982,0.0027972462,0.88419044,0.07006809,0.47560236,0.78882325,0.18397306,0.060231965,0.278689,0.16137064,0.0059794444,0.10638815,0.7592855,0.1544963,0.07542397,0.42536175,0.04735594,0.11024528,0.09564742
0.18709505,0.022532279,0.99518085,0.037774857,0.6979161,0.11702292,0.09368821,0.11797063,0.12221765,0.029664375,0.1547413,0.0012405156,0.94087636,0.15108404,0.24415629,0.4275597,0.6959899,0.12771487,0.78324056,0.8227264,0.0035786657,0.021348806,0.1509999,0.63882077,0.47875208,0.18603945,0.7500675
0.10694804,0.6128408,0.8013378,0.051781483,0.0074013327,0.0015209226,0.17785041,0.017884899,0.097207226,0.0118838735,0.29116267,0.0026455014,0.112967886,0.115029514,0.79279983,0.669199,0.09484589,0.19998978,0.88116807,0.09599657,0.19601671,0.8352506,0.87756914,0.20567922,0.15295061,0.8872692,0.702803
0.90596217,0.024761217,0.032426994,0.093499996,0.8364592,0.024497975,0.14563155,0.29056975,0.22527744,0.03422188,0.8939528,0.1168764,0.56679624,0.12474932,0.5889106,0.83645326,0.25868082,0.67669845,0.05981597,0.081285976,0.8506966,0.3397038,0.038791444,0.3865914,0.017915199,0.45074943,0.098024115
0.21710782,0.7349469,0.018986784,0.42409298,0.12046098,0.31618637,0.39115795,0.497875,0.17407861,0.19318545,0.106424734,0.047871556,0.39188275,0.5902966,0.5367473,0.30605337,0.27389356,0.32846388,0.5897067,0.15862836,0.93314165,0.18402426,0.2892424,0.14706637,0.30278867,0.2282314,0.49745753
0.24070483,0.5842378,0.36838928,0.30204347,0.09778633,0.24153517,0.15830642,0.12165836,0.10258223,0.45162,0.2183141,0.16801654,0.6458395,0.40250984,0.58878213,0.15672013,0.33247206,0.42617983,0.30767515,0.1974481,0.46359417,0.052117046,0.49970382,0.1696827,0.6849734,0.5458696,0.47123793
0.3741023,0.6579168,0.27187654,0.16626218,0.13049828,0.5144672,0.14716056,0.3678774,0.40647817,0.5872003,0.14228415,0.21356541,0.19473164,0.033755094,0.25768024,0.110673666,0.46465197,0.16125439,0.038697395,0.19979909,0.5145581,0.6390062,0.83574665,0.22785255,0.7421658,0.16747063,0.43226746
0.43201497,0.4263655,0.03891918,0.018792888,0.45343807,0.5694623,0.17375274,0.0758286,0.123373084,0.09135356,0.28428093,0.2594372,0.9804153,0.10618529,0.24529384,0.09725532,0.36641026,0.021573246,0.4766315,0.28935358,0.70164365,0.0007918148,0.44037664,0.18524387,0.7289919,0.55776113,0.85505366
0.15091875,0.0418838,0.017025677,0.0056782295,0.75500154,0.80446225,0.72560364,0.38831684,0.5818536,0.4292573,0.6863368,0.12583168,0.9391702,0.19760567,0.084973365,0.070239216,0.12190627,0.28108022,0.41982394,0.2717794,0.8571426,0.055151597,0.047392756,0.11056436,0.20415711,0.48977688,0.13706617
0.014509579,0.33610037,0.46843353,0.02907901,0.9567768,0.34536105,0.86582947,0.30759072,0.3978245,0.29260218,0.50965995,0.35136047,0.8618748,0.0416743,0.47443047,0.009924992,0.03476784,0.16860856,0.6928882,0.15423967,0.180206,0.109046176,0.0015489252,0.18020849,0.12424551,0.6576414,0.43356696
0.6206236,0.51916194,0.07095268,0.12541534,0.10795176,0.0038279071,0.3991536,0.021657862,0.4776134,0.29171735,0.00056095317,0.5427042,0.77683204,0.40036306,0.98123235,0.271572,0.9489805,0.49894455,0.08765905,0.48027712,0.38634306,0.097752616,0.49168518,0.014939744,0.32927442,0.029361615,0.023442043
0.0112611,0.08189129,0.520757,0.5617767,0.9998178,0.0038325028,0.0067380667,0.02019324,0.22025992,0.007251236,0.84999925,0.45776856,0.43798345,6.094538e-05,0.026770728,0.00469859,0.7992531,0.3365535,0.9814877,0.068109475,0.021474442,0.00023984426,0.000121286525,0.96939677,0.98856336,0.18055364,0.44318658
0.68666416,0.60624444,0.1975258,0.023963202,0.96935755,0.28200072,0.10285246,0.00520225,0.015778603,0.20613503,0.37887666,0.040741466,0.27094412,0.021105248,0.003924239,0.41530922,0.017162902,0.17264318,0.107200816,0.014878921,0.76173276,0.70509267,0.009537187,0.714075,0.48183832,0.97763485,0.8115782
0.53292936,0.17395294,0.33833122,0.7158096,0.96763736,0.27515906,0.7705725,0.0037090268,0.0014598613,0.061944976,0.81531185,0.024913723,0.12895338,0.030727848,0.0002824167,0.21654086,0.44137004,0.97006416,0.40512565,0.010735218,0.63675505,0.15523706,0.0016347636,0.72455853,0.012886652,0.5549209,0.028476002
0.24063271,0.60873896,2.654856e-05,0.7679322,0.5747711,0.3288978,0.8714324,0.049053833,0.98182994,0.7484696,0.022124473,0.9946389,0.16566259,0.068249755,0.6710985,0.002228323,0.036962345,0.011562566,0.010897712,0.36913657,0.005334549,0.06640525,0.35697913,3.7120074e-06,0.12633923,0.9139838,0.006607496
0.5855087,0.9964395,0.092299305,0.116322026,3.4586403e-05,0.9653218,0.15101983,0.97697896,0.0070871594,0.14353837,9.57509e-05,0.85339767,0.8810941,0.9576018,0.03467817,0.027992617,0.0003391025,0.0029170897,0.2709529,0.0034647444,0.05430301,0.002583849,0.042363618,7.012461e-08,0.8209875,0.02268195,0.9899958
0.8517568,0.06995228,0.0022406126,0.92857575,0.025531521,0.050241467,0.009567349,0.98606884,0.05379996,0.10239291,0.9271734,0.9967134,0.025586246,0.3538181,0.9477904,5.08244e-05,0.009900327,0.00035198015,0.04585029,0.0028743416,0.0010459631,0.045838,0.6206504,0.0019681458,0.99038184,0.0040308503,0.94584805
0.11039079,0.5240595,2.5135205e-05,1.6082146e-05,0.0078356145,0.085487664,0.9912675,0.0028890744,0.039028533,0.05026507,0.2377525,0.03844793,6.6196395e-07,0.944939,0.90104336,0.008635503,0.99711025,0.31414697,0.83934414,0.23818801,0.96152693,0.99998325,0.04722535,0.013469006,9.699813e-05,6.8238495e-07,0.6468245
4.6457084e-05,0.00067307724,0.96878654,0.00037918813,0.08867661,0.8663055,0.012555075,0.4491471,0.50415,0.47603905,0.9971251,0.025512453,0.91351223,0.5304127,0.08273817,0.874928,0.21945283,0.25662637,0.52391446,0.0022018207,0.0057010367,0.08610856,0.38091075,0.050956357,0.11251692,0.33140007,0.23922369
0.52829653,0.36506054,0.5572831,0.29883772,0.18293029,0.13507889,0.15178032,0.5423326,0.46672112,0.30969778,0.41489255,0.25553825,0.3886015,0.49283892,0.33439353,0.58506453,0.3762349,0.19212817,0.1620057,0.22004692,0.18717867,0.31256077,0.3242308,0.5305276,0.26315513,0.08143255,0.3411507
0.24292186,0.35804105,0.17234784,0.13218853,0.3129728,0.4167594,0.15321979,0.5909698,0.34479156,0.65426576,0.56083816,0.5565542,0.34284237,0.47623858,0.37372026,0.6018884,0.36437163,0.36912048,0.10281239,0.0811208,0.27109796,0.5249691,0.21078861,0.20952034,0.2448918,0.044658564,0.28608796
0.30513552,0.3873191,0.36672428,0.42173547,0.44217113,0.19971964,0.24208054,0.27470034,0.15358344,0.37372926,0.14797686,0.23474067,0.43938825,0.03917182,0.5189707,0.42858577,0.3144608,0.66979283,0.32113525,0.46470407,0.39853504,0.13887629,0.518657,0.28130963,0.3293337,0.41083887,0.17662375
0.33800063,0.15580314,0.14529508,0.056779154,0.15966216,0.31878972,0.94829285,0.9726265,0.014099259,0.3492705,0.034260366,0.4455859,0.12857947,0.7376371,0.63670254,0.051085573,0.017421644,0.031844947,0.31272888,0.8099365,0.409119,0.81464136,0.10270072,0.044507746,0.00062155083,0.009951827,0.9540558
0.4670697,0.6215117,0.50066817,0.5040954,0.6700051,0.30743742,0.050650287,0.6632726,0.88465804,0.044354986,0.18571259,0.066984996,0.21108519,0.25473467,0.09173864,0.099234365,0.14475422,0.0025198841,0.4885753,0.19277571,0.43234682,0.28481942,0.07526022,0.60082394,0.85011536,0.19197318,0.11282208
0.3607729,0.6751023,0.51424295,0.65706134,0.1944697,0.57874715,0.4667274,0.92068595,0.51183563,0.38858548,0.0042445194,0.00041273003,0.04799457,0.7063389,0.03514467,0.05590583,0.072621725,0.00044078086,0.2506416,0.3206532,0.4853443,0.2949441,0.09919145,0.38610816,0.47736678,0.0066923164,0.48772356
0.06779983,0.52697456,0.06769637,0.0756646,0.91851234,0.0011619761,0.87745816,0.32331166,0.22714311,0.8854057,0.35269132,0.7361392,0.8000029,0.012253755,0.94161534,0.070913576,0.45227766,0.6531028,0.046794426,0.120334126,0.19616447,0.12433253,0.06923388,0.0572227,0.05162828,0.2244107,0.11975405
0.3900755,0.3589733,0.3875083,0.33392942,0.31940785,0.2816998,0.28151944,0.2764136,0.3021898,0.374923,0.35858178,0.25666824,0.34966448,0.3019582,0.3585969,0.39903256,0.41868687,0.35544884,0.23500152,0.28244492,0.3558235,0.3164061,0.37863395,0.3597033,0.319448,0.30489957,0.3423614
0.19325624,0.38127822,0.34479895,0.40794405,0.39181212,0.3410846,0.40604058,0.4194845,0.40130845,0.49126315,0.25416133,0.37050718,0.3247995,0.35243592,0.35407233,0.33403867,0.286116,0.35889515,0.3154806,0.36456046,0.28469387,0.26725644,0.25575197,0.30484307,0.25992072,0.2943995,0.2397964
0.2076171,0.3332146,0.49699736,0.5362681,0.36231953,0.32669708,0.32718292,0.47491395,0.27861503,0.56867325,0.3353617,0.2782767,0.19034907,0.28159064,0.36799502,0.24682121,0.30788615,0.37601587,0.22370961,0.3314237,0.22472593,0.27338284,0.35608986,0.3053079,0.4259959,0.21719989,0.3453691
0.0013970421,0.43455258,0.44254163,0.15344018,0.45535505,0.5424781,0.3732889,0.49181902,0.0018489816,0.0011763574,0.537592,0.5430293,0.15016669,0.50560254,0.45671183,0.4713256,0.4942633,8.731963e-06,0.9974266,0.027855461,0.01442908,0.69639313,0.0390424,0.00081011717,0.15538551,0.013917665,0.9981423
7.7399996e-08,0.94396514,0.0049761115,0.019320456,0.47070625,0.6372184,0.00523415,0.01808575,0.0076786834,7.811151e-06,0.053222682,0.8130334,0.97401917,0.101352915,0.19801663,0.068714514,0.4797179,0.006754144,0.99999213,0.0028121548,0.18199049,0.006660383,0.42794085,0.16476493,0.9260513,0.5021963,0.98556715
0.8521066,0.3459051,0.00013157363,0.092196725,1.908435e-05,0.0015033127,0.004528948,0.35230374,0.036265817,0.019557534,0.65408844,0.28343356,0.7894185,6.3011807e-06,0.014914712,0.6192717,0.019007072,0.028287137,0.12833588,6.4861697e-06,0.7164349,0.11838476,0.9999746,0.98358196,0.37619936,0.62868917,0.93544704
0.022073407,0.23304635,0.0007766835,0.9672214,0.00044784532,0.0972982,0.05082254,0.9190619,0.005378693,0.043083493,0.0026654052,3.1351155e-06,0.018519413,0.0010311502,0.9011746,0.0004409805,0.00031818083,0.0031266005,0.9348431,0.76428825,0.9992202,0.0142592285,0.99852103,0.0015272236,0.9487365,0.08061993,0.9914947
0.009384295,0.7024224,0.40526542,0.25440285,0.19978066,0.00031161736,0.88388896,0.010397051,0.058672123,0.12547626,0.17660433,0.28704402,0.38041013,0.58262247,0.4509388,0.048826333,0.36460617,0.28389865,0.8651394,0.12097328,0.30769056,0.36518702,0.21759686,0.54874957,0.0672847,0.6249968,0.6574292
0.45764497,0.23693255,0.069348656,0.32546252,0.3304263,0.24210206,0.32854033,0.24845223,0.29808217,0.22767915,0.4182822,0.06145277,0.51832825,0.27492785,0.473185,0.40495446,0.41517314,0.4107814,0.31467587,0.34478524,0.86919856,0.15620925,0.39464584,0.28471294,0.2665052,0.3363746,0.2911364
0.21527986,0.4298961,0.18084744,0.3288746,0.2058942,0.042106483,0.17845161,0.43044946,0.17935625,0.22596802,0.19811927,0.055207137,0.35396534,0.6404964,0.9008874,0.5381247,0.292287,0.52967936,0.5587521,0.37198463,0.7639454,0.31716007,0.1536094,0.057006095,0.2834237,0.27726355,0.29096442
0.33185846,0.42076883,0.24319392,0.20804197,0.24086508,0.37095383,0.6471826,0.07866748,0.5937986,0.15056919,0.4144472,0.4703588,0.3784541,0.2606036,0.39598438,0.18433855,0.5246279,0.17957781,0.51757234,0.16478398,0.2864473,0.41350394,0.4985313,0.23306179,0.16847883,0.3967046,0.22662361
0.13750523,0.002368237,0.027162993,0.6112196,0.4549396,0.64811605,0.35142067,0.33650255,0.104813226,0.09045425,0.038941316,0.3353879,0.36619368,0.48095182,0.050955825,0.4057062,0.11328594,0.49486464,0.77204055,0.95869046,0.63744915,0.022586744,0.06410858,0.30092812,0.24287313,0.55021155,0.40032214
0.23736976,0.5428776,0.19047503,0.0058939927,0.5732822,0.4322155,0.7680262,0.5716821,0.2816642,0.6123252,0.40008086,0.4822954,0.9443986,0.06819958,0.49461138,0.17708117,0.38918537,0.5784117,0.15030508,0.057041515,0.3272296,0.04970743,0.3585182,0.073173106,0.05489265,0.039132554,0.13992414
0.07657131,0.12622441,0.017894924,0.0028217842,0.23709157,0.9611918,0.97206783,0.48228952,0.15985264,0.79924685,0.7745779,0.12845004,0.9937809,0.30252358,0.02864853,0.002581028,0.108331375,0.5777748,0.12418184,0.099197686,0.85365504,0.0033972969,0.46038485,0.010159684,0.025351154,0.40937912,0.26237258
0.9474485,0.04708165,0.124247566,0.70431036,0.028816186,0.04252852,0.19441389,0.037931997,0.51315874,0.006435828,0.43438584,0.066091,0.2798404,0.21263802,0.115981534,0.3713382,0.12605552,0.14302829,0.04611565,0.5185325,0.80966145,0.015849238,0.7585458,0.84149,0.4342479,0.8360125,0.34381294
0.3879959,0.5350631,0.016445708,0.90364903,0.06628372,0.83854353,0.23478825,0.23121075,0.14325671,0.4889519,0.41385177,0.5890895,0.09618757,0.15564781,0.038023345,0.046303287,0.45521677,0.3755306,0.1230522,0.051085137,0.39446476,0.0001633933,0.7780685,0.12343311,0.7189084,0.3135725,0.48121268
0.04976367,0.40517986,0.0300008,0.114458926,0.007968394,0.9573555,0.3863713,0.42191815,0.8226806,0.89905053,0.13791478,0.4424588,0.73790056,0.002934702,0.02637773,0.082424715,0.5733849,0.14896101,0.051185798,0.45690536,0.5275404,0.14764054,0.9890969,0.016266786,0.531204,0.004696968,0.028358366
0.0037391253,0.010620114,0.010596848,0.440146,0.2535845,0.04987674,0.068489596,0.47302717,0.116585046,0.09283872,0.0060384255,0.5502323,0.47909042,0.7038791,0.9491495,0.4184262,0.5166248,0.04988996,0.9034222,0.98334146,0.43917087,0.0807636,0.042536344,0.0009737487,0.51308423,0.01034802,0.833525
0.71256816,0.044300754,0.27906394,0.5641049,0.18430504,0.37433338,0.711842,0.27415878,0.9838065,0.21812297,0.9117964,0.6665384,0.003345919,0.7612751,0.23440166,0.15601368,0.62860966,0.0058423416,0.06930887,0.04390287,0.05439766,0.43254918,0.05441983,0.39126498,0.13214433,0.09723157,0.010351197
0.19484636,0.10986392,0.2779449,0.42278546,0.053269576,0.004592577,0.34860438,0.40188396,0.15851338,0.33806083,0.20240398,0.26553276,0.12942618,0.7194384,0.002481876,0.61425924,0.14663595,0.59427524,0.4670928,0.6877321,0.45652235,0.44778836,0.22729205,0.9929255,0.037136402,0.45148012,0.24721138
0.1319027,0.26917803,0.30942652,0.10191401,0.42860445,0.13148016,0.32565102,0.15617242,0.0011107158,0.070102476,0.49098185,0.06291371,0.1067069,0.15318921,0.0035863663,0.4194802,0.79552126,0.9961304,0.79799485,0.23984012,0.6276598,0.7913791,0.41820633,0.8649335,0.25486875,0.048306324,0.0027588673
0.19443725,0.077529036,0.40409982,0.17786212,0.38416958,0.101963066,0.0410694,0.13264294,0.23324229,0.76715034,0.013004748,0.45989874,0.044043,0.5774567,0.67987293,0.66295606,0.14582437,0.6841544,0.038412407,0.9094662,0.13600142,0.7780949,0.0383737,0.21816398,0.29597455,0.7215327,0.08260331
0.07059492,0.27258703,0.13379146,0.6501408,0.0009584472,0.99997205,0.03030532,0.0051932507,0.060805254,0.2031286,0.00044125968,0.6597476,0.23428865,0.9983189,1.1391386e-06,0.45872223,0.0028242755,0.15603596,0.72627646,0.7269717,0.20646094,0.11557055,0.00072265917,2.6840145e-05,0.51097244,0.99198246,0.7831588
0.2437549,0.65629435,0.2066753,0.15406938,0.013099066,0.9959192,0.00045853833,0.11910597,0.0018417968,0.1871873,0.31511587,0.78735375,0.07005489,0.9478135,0.0038247732,0.04405229,0.0076260758,0.03241511,0.5690578,0.028589811,0.005970934,0.77587575,0.039087415,0.0002560001,0.95548916,0.87326795,0.96574306
0.011606059,0.10844168,0.37776765,0.05917863,0.2233644,0.84602475,0.059407655,0.8816984,0.31780675,0.88729846,0.4545057,0.6200926,0.12880811,0.7719037,0.11580814,0.1950787,0.11734361,0.61919534,0.10109547,0.4370526,0.002139739,0.81201327,0.0047319285,0.038167134,0.7455137,0.000957979,0.06299794
0.0010056805,0.9639827,0.0039390996,0.00014923458,0.051273372,0.73406523,0.41428274,0.9988928,0.049119,0.9984974,0.03589504,0.075245455,0.9966151,0.76821923,0.0015481007,0.15790577,0.00073976535,0.3941632,0.00049687614,0.00012227858,0.92081547,0.003235653,0.1805074,0.26438668,0.42781147,0.00036743924,0.5567178
0.074137636,0.28703675,0.11938306,0.62783706,0.45000005,0.8198265,0.09068401,0.056553986,0.0708726,0.7316806,0.29570562,0.73638403,0.14470696,0.065988846,0.022216808,0.076434515,0.6216044,0.8027177,0.19418178,0.41725764,0.14423288,0.22745599,0.4840111,0.1579567,0.83288145,0.3218416,0.12640971
0.083746105,0.06209016,0.07220418,0.31335083,0.0557422,0.13327445,0.05061666,0.03386097,0.5261419,0.10522251,0.24901916,0.07526234,0.09429665,0.2474048,0.4817265,0.051018592,0.6084484,0.22439654,0.8110314,0.6888907,0.85253346,0.5923525,0.696853,0.38499904,0.8983647,0.35769066,0.24946159
0.015786927,0.007175083,0.17215173,0.7160671,0.1392235,0.033893008,0.5914275,0.003223809,0.14813192,0.3457513,0.8857677,0.615074,0.12086512,0.8542556,0.10686635,0.10236865,0.4883908,0.058121026,0.63846177,0.10705721,0.21277429,0.16306779,0.00652087,0.85924065,0.3062038,0.50838536,0.79374707
0.59811574,0.69755155,0.7947136,0.13101347,0.8725697,0.5521249,0.07710865,0.15989332,0.3656109,0.32529706,0.16113813,0.14391673,0.52784944,0.08139862,0.39888117,0.013580878,0.8375134,0.15338148,0.076587185,0.14131033,0.061369635,0.3411371,0.04603169,0.048993897,0.90931046,0.0025933154,0.48100764
0.071508,0.18944632,0.40996474,0.49849057,0.093849055,0.10873001,0.09472058,0.008406456,0.06808497,0.6338107,0.7141572,0.23912217,0.26854065,0.2595367,0.463996,0.112012036,0.907366,0.020977216,0.29468134,0.09639648,0.3509131,0.23296878,0.6466142,0.427274,0.79326737,0.08422754,0.9109378
0.02461732,0.21276009,0.024226904,0.060891442,0.06283497,0.39957026,0.21170436,0.17357254,0.8701773,0.4008238,0.59692067,0.017869353,0.18837474,0.48817265,0.14950399,0.18813562,0.48258835,0.010818053,0.5745589,0.19031923,0.95790374,0.7507338,0.4489924,0.45092577,0.60016,0.3438391,0.119004644
0.05308445,0.6878092,0.049259525,0.30562344,0.29003793,0.6894163,0.10488933,0.2110252,0.074647576,0.0060357684,0.16645741,0.053404547,0.62759095,0.05036542,0.020190382,0.107606836,0.756578,0.6285069,0.94087976,0.14573334,0.89733595,0.06678564,0.6595966,0.29039335,0.78750384,0.03239676,0.29684556
0.47537023,0.6890098,0.2284291,0.04453223,0.32687885,0.1359865,0.49830016,0.01090423,0.99496406,0.09923429,0.18146591,0.37240952,0.30587125,0.011818599,0.51247287,0.25189677,0.9610652,0.0006436318,0.4253955,0.1295243,0.39916137,0.6495965,0.66130257,0.35154063,0.24980307,0.02803059,0.004392282
0.10971802,0.7522794,0.66445804,0.26069462,0.5204842,0.27062166,0.24562795,0.07632049,0.943749,0.025137894,0.21712568,0.05357681,0.30309072,0.3876437,0.6813415,0.1865558,0.829637,0.04690997,0.8651441,0.030594883,0.28196514,0.43621466,0.091872126,0.04803683,0.56781626,0.09404252,0.009340999
0.9604615,0.3279309,0.8199186,0.02436209,0.14384271,0.46464127,0.12093644,0.25386375,0.5524171,0.0058149295,0.50491637,0.10195941,0.8892004,0.49123886,0.5099,0.2902353,0.71918994,0.25540665,0.03372356,0.16715275,0.07812204,0.08643753,0.3649184,0.025458785,0.58882827,0.026946338,0.19217625
0.055569455,0.0018308772,0.2004001,0.025008094,0.9020962,0.021357618,0.0154048195,0.08897555,0.8916679,0.63525176,0.9750886,0.16168348,0.9608565,0.0933481,0.2276863,0.9335331,0.62731826,0.023625378,0.3091788,0.023080505,0.63791645,0.014135408,0.0045556915,0.75095606,0.051062103,0.28370616,0.08470671
0.8656924,0.2184309,0.20173998,0.25505692,0.2914291,0.11014066,0.32383215,0.24825506,0.6601194,0.044500064,0.39369386,0.1766372,0.3027998,0.38619712,0.5511163,0.2564148,0.21900092,0.14119604,0.08980755,0.38787523,0.6216228,0.44214332,0.3223738,0.33874306,0.41975304,0.532744,0.19868457
0.6834454,0.106048025,0.3257874,0.14847529,0.2844261,0.34343168,0.41531578,0.25462994,0.5182484,0.20429139,0.30977216,0.17307259,0.27909714,0.35571644,0.20175995,0.14371514,0.42327222,0.2506104,0.112263195,0.5841798,0.50114,0.5724276,0.3598575,0.45480835,0.44096908,0.32209784,0.23114118
0.45479625,0.24071077,0.534662,0.36219126,0.49649277,0.32168663,0.694836,0.3806768,0.5726952,0.30210862,0.33888167,0.3446369,0.3993731,0.28396878,0.3124099,0.20387772,0.55567104,0.18200947,0.24309511,0.42040756,0.12070111,0.23843563,0.21953845,0.3659035,0.10128629,0.063652165,0.2452953
0.75211704,0.55443233,0.4647398,0.1502269,0.6086835,0.47079223,0.10714847,0.6866577,0.3893963,0.19290052,0.44298074,0.09825212,0.24056312,0.11574732,0.1375896,0.18237671,0.20069356,0.2840811,0.054982428,0.002586913,0.43700808,0.60920995,0.27556917,0.39161816,0.71047485,0.1126487,0.3265226
0.0036977013,0.63035566,0.73673975,0.77905095,0.03028461,0.16928266,0.029296156,0.53376955,0.8402833,0.919656,0.36713484,0.055298988,0.015166505,0.086538814,0.1403628,0.28501067,0.1961156,0.038431432,0.07664631,0.0025095139,0.20796128,0.20578256,0.88317657,0.6903545,0.6856932,0.27011484,0.121285275
0.44391957,0.3476662,0.7591516,0.40471506,0.08721521,0.05022166,0.8520844,0.9465681,0.2367637,0.23295242,0.640297,0.017064368,0.34018034,0.0045091715,0.016423665,0.026293645,0.04029465,0.10193212,0.32312799,0.012036771,0.22378407,0.2551046,0.9082756,0.9333547,0.12162193,0.01313728,0.6613042
0.49718145,0.09368828,0.9953237,0.108484864,0.3083238,0.07026827,0.20263448,0.055310212,0.00053139636,0.46719727,0.78899884,0.0034020066,0.88760173,0.26993343,0.91119033,0.5453542,0.08236232,0.99902374,0.03562129,0.11731287,0.0012742999,0.003913426,0.4217428,0.018541424,0.25201133,0.86232746,0.00044487554
0.055684052,0.22753695,0.008394268,0.24250536,0.09522434,0.2556207,0.49796653,0.38841617,0.32789263,0.109855205,0.76374614,0.002456183,0.5802965,0.38798374,0.29570806,0.33441424,0.590686,0.32927102,0.83446074,0.008716923,0.9891496,0.17719816,0.51679194,0.44867125,0.16761923,0.02089781,0.34283635
0.68017447,0.5015063,0.91101307,0.22407764,0.04738247,0.09228187,0.44263867,0.15361638,0.20929523,0.15477629,0.4413936,0.0069380132,0.7629237,0.10145711,0.7405882,0.28495443,0.17550948,0.07875423,0.16504923,0.057100065,0.0820489,0.012998653,0.8511604,0.16712992,0.2724069,0.6708741,0.71195054
0.21028663,0.4088126,0.5366531,0.009174241,0.2922973,0.08744639,0.7515921,0.6226723,0.06925647,0.60863477,0.4604101,0.19613187,0.92551607,0.20047015,0.2647065,0.010024505,0.13869502,0.07745112,0.18107863,0.13077728,0.26721504,0.0653097,0.50723255,0.6478471,0.23838341,0.23863263,0.8532924
0.024895927,0.465894,0.11563699,0.74447405,0.90755814,0.41262582,0.33144262,0.0072616595,0.91805166,0.91243273,0.47781527,0.030917013,0.078781195,0.0047172215,0.47100016,0.017848823,0.079932496,0.056741953,0.062671356,0.05629073,0.853446,0.17674474,0.08772465,0.11637401,0.65070856,0.91280586,0.02520637
0.7103221,0.36848542,0.10929552,0.015878484,0.5970446,0.4285852,0.54961514,0.38319337,0.6382144,0.09319402,0.18959893,0.06567071,0.5981325,0.2892137,0.49452698,0.19719487,0.3092672,0.09785099,0.1964839,0.44191566,0.8250338,0.385989,0.113741696,0.07688784,0.25318995,0.3075394,0.26393458
0.18210143,0.31049377,0.5686545,0.08514948,0.28721505,0.40885922,0.576294,0.54946345,0.3634189,0.18405269,0.49757156,0.21385477,0.36106083,0.59245497,0.3580919,0.33446175,0.27070716,0.5242706,0.63384587,0.19193469,0.21749075,0.55378973,0.12032996,0.23304892,0.089244254,0.17982942,0.112310484
0.20898618,0.28404936,0.22516818,0.0948054,0.14355089,0.13029866,0.62847656,0.5420031,0.406988,0.13476749,0.5215067,0.31604272,0.2715978,0.7656575,0.21339989,0.1737352,0.12162271,0.25174233,0.6562463,0.19444393,0.45878908,0.6335968,0.09079165,0.65630144,0.19778827,0.33637422,0.34126967
0.28043857,0.81294817,0.25772145,0.25208846,0.15271826,0.07486412,0.46246898,0.039077688,0.15915036,0.5161983,0.026097003,0.30595315,0.7256416,0.13762742,0.6312549,0.41887763,0.22977655,0.75596845,0.20336315,0.1609548,0.4363254,0.022269905,0.70965433,0.29388094,0.11865339,0.73114574,0.084881164
0.056085862,0.13118254,0.09736019,0.46339983,0.009000613,0.85560596,0.18261632,0.09177243,0.31844008,0.3814932,0.29203424,0.41228524,0.39275533,0.049260106,0.0967362,0.33196747,0.6932122,0.15713829,0.5624209,0.57678324,0.4903546,0.14384484,0.94173926,0.04765782,0.4854162,0.21501534,0.52442163
0.66578704,0.51861393,0.5048063,0.88562334,0.7185206,0.76265085,0.019001141,0.22217642,0.0036442443,0.19877276,0.14681926,0.40699515,0.056541685,0.19082041,0.23202997,0.42395973,0.17357016,0.0015026797,0.13544023,0.33456683,0.08819856,0.057834964,0.09065899,0.0053191707,0.55703914,0.6042534,0.9948531
0.4169805,0.72226477,0.56984097,0.9641705,0.10982091,0.8730384,0.15082721,0.72321343,0.05184547,0.124968864,0.2386485,0.2581659,0.027597522,0.32737154,0.01564356,0.03457245,0.13404687,0.19520722,0.4580506,0.039086755,0.17199315,0.0082319835,0.56280756,0.11131803,0.81460035,0.14273968,0.75294733
0.025259668,0.1635438,0.05618276,0.028926557,0.0011341316,0.022614488,0.26359808,0.041367516,0.1158522,0.0077680303,0.15148602,0.03130373,0.019324014,0.9986495,0.009287378,0.52396667,0.41013077,0.034168843,0.9669723,0.6849702,0.9125135,0.95174944,0.0002164007,0.96809816,0.21243523,0.5485017,0.849979
0.20624577,0.61781096,0.72242033,0.40545443,0.10537702,0.9179243,0.25338823,0.019655328,0.12971735,0.71999,0.24260572,0.24782373,0.4262831,0.8030438,0.00955739,0.74658835,0.0075376634,0.76285046,0.073764205,0.1395833,0.02975593,0.16826248,0.0915792,0.07251832,2.3417444e-05,0.972807,0.10743216
0.15859479,0.2537177,0.39757064,0.0586802,0.5114708,0.12866513,0.001879029,0.3142401,0.11285816,0.84139866,0.7353264,0.13596863,0.9239565,0.4737266,0.73890775,0.99804425,0.20195182,0.007035121,6.5651234e-06,0.010955927,0.46646073,0.017363297,0.014802589,0.13242711,7.673604e-05,0.48380807,0.88010675
0.9212869,0.056141824,0.042991072,0.1181227,0.08279297,0.01791172,0.76910883,0.9617581,0.5248842,0.06851108,0.0052340315,0.9563939,0.101350546,0.9109054,0.008672257,0.028310474,0.0073177973,0.4471872,0.01020204,0.93862414,0.0006150112,0.78052676,0.006301639,0.97341603,0.20258068,0.030924141,0.027928574
0.24078153,0.97364944,0.0022259848,0.79665536,0.9234885,0.1371142,0.99986994,0.009387603,0.007290749,0.044647217,0.0090001095,0.0041557485,0.18018617,0.06943802,0.86223876,2.6126148e-05,0.077167004,0.004785124,0.71457124,0.01735047,0.99361825,0.023158446,0.0070734704,0.0006470518,0.000103940096,0.9134454,0.9879241
0.8394683,0.3760534,0.6796252,0.47661546,0.1898996,0.0306854,0.9815226,0.054588526,0.1379625,0.026076373,0.07786498,0.24262273,0.50961804,0.05170671,0.5499702,0.014586299,0.01116756,0.16102861,0.13445531,0.5460816,0.07775206,0.013766488,0.7583937,0.41934437,0.0038910846,0.9342439,0.70100886
0.9469555,0.23160033,0.3858191,0.2308435,0.22277798,0.6400326,0.9440438,0.19901475,0.80372673,0.0016454273,0.016972113,0.13515514,0.76136315,0.047350463,0.28562972,0.050926786,0.0026083358,0.18934216,0.051399074,0.75142753,0.47902578,0.0077933227,0.7298716,0.07433766,0.005029426,0.7983769,0.0069311187
0.40920776,0.003757227,0.54204595,0.21328725,6.0700848e-05,0.48944327,0.87112,0.44396326,0.99225295,0.2357599,0.99087036,0.4530074,0.052546144,0.99450773,0.37722355,0.03449153,0.5455694,0.002136855,0.35503235,0.005372421,0.00494665,0.7341666,0.0054315953,0.1333332,0.094388485,0.010467332,0.0056102094
0.42358264,0.51796657,0.373828,0.5825729,0.24113561,0.26695627,0.07765844,0.554065,0.45630357,0.47582528,0.21022497,0.31636152,0.12545955,0.46034345,0.56280977,0.6520581,0.39836302,0.19776924,0.100592084,0.27180848,0.30981052,0.29196757,0.29852092,0.17023395,0.27028343,0.047572013,0.3459272
0.4051443,0.5370093,0.52154106,0.37272802,0.2209636,0.5535353,0.3300241,0.36895818,0.46521565,0.3403347,0.3489552,0.2823922,0.4936205,0.6082513,0.24691515,0.31426546,0.5131335,0.11822373,0.25452098,0.11403546,0.1960667,0.13365147,0.17078511,0.19954957,0.35571045,0.1179083,0.41656062
0.1607561,0.6016688,0.53835994,0.3979236,0.10408511,0.10675017,0.36041903,0.24619631,0.8054789,0.24044093,0.19214393,0.13464838,0.258269,0.38494906,0.045665964,0.45471022,0.5152615,0.121909834,0.598803,0.2061873,0.32699168,0.3438074,0.5109658,0.8475839,0.18487073,0.23854221,0.07261127
0.021189073,0.07718711,0.13551609,0.06604058,0.06422033,0.07735595,0.048165612,0.04416653,0.0027325796,0.12441413,0.073637865,0.5710354,0.23879519,0.029253064,0.35331273,0.06435152,0.9554039,4.3776025e-05,0.8543968,0.84917504,0.2934485,0.6951642,0.9065266,0.5693313,0.8874829,0.00042955892,0.9972236
0.020438448,0.90289086,0.26700732,0.20335743,0.14758901,0.83458525,0.8451326,0.5214647,0.9827302,0.111191675,0.022416532,0.021677088,0.55379385,0.38516226,0.13979073,0.074987754,0.46377665,0.00027138504,0.8683699,0.07469259,0.7113156,0.24284871,0.46724874,0.025624018,0.07987964,0.014758651,0.016998421
0.0008163726,0.99074423,0.4514832,0.3444611,0.8499977,0.9367,0.1219824,0.42690483,0.65454847,0.00039310427,0.0060552056,0.0855611,0.65521175,0.14010115,0.027887143,0.78764987,0.5168508,0.13625641,0.9987905,0.0032005527,0.4629557,0.00032714187,0.009901136,0.035412885,0.09036776,0.056244332,0.20919512
0.0744301,0.02141248,0.031910267,0.5832665,0.058157913,0.039773364,0.0027190556,0.45670334,0.030537903,0.9058587,0.978445,0.43353713,0.41356257,0.014432213,0.9530685,0.98384887,0.5305366,0.0034067442,0.019711185,0.00014250498,0.5345526,0.0031709347,0.9274099,0.0071581416,0.01343207,0.012760061,0.96605533
0.07929008,0.20258908,0.30796245,0.42875502,0.9909274,0.083150804,0.88456684,0.48782945,0.067512065,0.013915438,0.55609876,0.31798986,0.44690788,0.005057571,0.8209392,0.033016853,0.13192356,0.044572897,0.9067945,0.24131218,0.3740477,0.124337085,0.0040150057,0.095910035,0.08241632,0.380247,0.887915
0.757018,0.10382287,0.1255342,0.14157563,0.25054905,0.20516856,0.15546374,0.2984349,0.6117972,0.03885391,0.22688556,0.49444225,0.5539507,0.5278377,0.32143405,0.16494048,0.53116053,0.20253722,0.20412809,0.66929156,0.38002354,0.30447364,0.22161326,0.4733974,0.67959577,0.17040454,0.18566558
0.6338916,0.017366419,0.3031596,0.050969984,0.15547107,0.26145643,0.19211482,0.255935,0.20877948,0.07971652,0.0995922,0.252927,0.7925504,0.74259716,0.47953212,0.1114595,0.571775,0.33604932,0.28639188,0.8830414,0.4439134,0.15647963,0.10193177,0.25901145,0.6964257,0.17228995,0.4551712
0.41578943,0.52554077,0.6600111,0.2889615,0.5238794,0.14008029,0.23744127,0.8647511,0.22660972,0.14125173,0.25686923,0.026214171,0.36542943,0.05637445,0.12197139,0.57304645,0.0143324295,0.30947366,0.44295886,0.21758997,0.3137747,0.34560907,0.41974613,0.7379483,0.18951227,0.12091645,0.4639166
